Date,GOOG,TSLA,FB,Date,Close,Date,Close,Date,Close
1/2/2019 16:00:00,1045.85,310.12,310.12,1/2/2019 16:00:00,1045.85,1/2/2019 16:00:00,310.12,1/2/2019 16:00:00,310.12
1/3/2019 16:00:00,1016.06,300.36,300.36,1/3/2019 16:00:00,1016.06,1/3/2019 16:00:00,300.36,1/3/2019 16:00:00,300.36
1/4/2019 16:00:00,1070.71,317.69,317.69,1/4/2019 16:00:00,1070.71,1/4/2019 16:00:00,317.69,1/4/2019 16:00:00,317.69
1/7/2019 16:00:00,1068.39,334.96,334.96,1/7/2019 16:00:00,1068.39,1/7/2019 16:00:00,334.96,1/7/2019 16:00:00,334.96
1/8/2019 16:00:00,1076.28,335.35,335.35,1/8/2019 16:00:00,1076.28,1/8/2019 16:00:00,335.35,1/8/2019 16:00:00,335.35
1/9/2019 16:00:00,1074.66,338.53,338.53,1/9/2019 16:00:00,1074.66,1/9/2019 16:00:00,338.53,1/9/2019 16:00:00,338.53
1/10/2019 16:00:00,1070.33,344.97,344.97,1/10/2019 16:00:00,1070.33,1/10/2019 16:00:00,344.97,1/10/2019 16:00:00,344.97
1/11/2019 16:00:00,1057.19,347.26,347.26,1/11/2019 16:00:00,1057.19,1/11/2019 16:00:00,347.26,1/11/2019 16:00:00,347.26
1/14/2019 16:00:00,1044.69,334.4,334.4,1/14/2019 16:00:00,1044.69,1/14/2019 16:00:00,334.4,1/14/2019 16:00:00,334.4
1/15/2019 16:00:00,1077.15,344.43,344.43,1/15/2019 16:00:00,1077.15,1/15/2019 16:00:00,344.43,1/15/2019 16:00:00,344.43
1/16/2019 16:00:00,1080.97,346.05,346.05,1/16/2019 16:00:00,1080.97,1/16/2019 16:00:00,346.05,1/16/2019 16:00:00,346.05
1/17/2019 16:00:00,1089.9,347.31,347.31,1/17/2019 16:00:00,1089.9,1/17/2019 16:00:00,347.31,1/17/2019 16:00:00,347.31
1/18/2019 16:00:00,1098.26,302.26,302.26,1/18/2019 16:00:00,1098.26,1/18/2019 16:00:00,302.26,1/18/2019 16:00:00,302.26
1/22/2019 16:00:00,1070.52,298.92,298.92,1/22/2019 16:00:00,1070.52,1/22/2019 16:00:00,298.92,1/22/2019 16:00:00,298.92
1/23/2019 16:00:00,1075.57,287.59,287.59,1/23/2019 16:00:00,1075.57,1/23/2019 16:00:00,287.59,1/23/2019 16:00:00,287.59
1/24/2019 16:00:00,1073.9,291.51,291.51,1/24/2019 16:00:00,1073.9,1/24/2019 16:00:00,291.51,1/24/2019 16:00:00,291.51
1/25/2019 16:00:00,1090.99,297.04,297.04,1/25/2019 16:00:00,1090.99,1/25/2019 16:00:00,297.04,1/25/2019 16:00:00,297.04
1/28/2019 16:00:00,1070.08,296.38,296.38,1/28/2019 16:00:00,1070.08,1/28/2019 16:00:00,296.38,1/28/2019 16:00:00,296.38
1/29/2019 16:00:00,1060.62,297.46,297.46,1/29/2019 16:00:00,1060.62,1/29/2019 16:00:00,297.46,1/29/2019 16:00:00,297.46
1/30/2019 16:00:00,1089.06,308.77,308.77,1/30/2019 16:00:00,1089.06,1/30/2019 16:00:00,308.77,1/30/2019 16:00:00,308.77
1/31/2019 16:00:00,1116.37,307.02,307.02,1/31/2019 16:00:00,1116.37,1/31/2019 16:00:00,307.02,1/31/2019 16:00:00,307.02
2/1/2019 16:00:00,1110.75,312.21,312.21,2/1/2019 16:00:00,1110.75,2/1/2019 16:00:00,312.21,2/1/2019 16:00:00,312.21
2/4/2019 16:00:00,1132.8,312.89,312.89,2/4/2019 16:00:00,1132.8,2/4/2019 16:00:00,312.89,2/4/2019 16:00:00,312.89
2/5/2019 16:00:00,1145.99,321.35,321.35,2/5/2019 16:00:00,1145.99,2/5/2019 16:00:00,321.35,2/5/2019 16:00:00,321.35
2/6/2019 16:00:00,1115.23,317.22,317.22,2/6/2019 16:00:00,1115.23,2/6/2019 16:00:00,317.22,2/6/2019 16:00:00,317.22
2/7/2019 16:00:00,1098.71,307.51,307.51,2/7/2019 16:00:00,1098.71,2/7/2019 16:00:00,307.51,2/7/2019 16:00:00,307.51
2/8/2019 16:00:00,1095.06,305.8,305.8,2/8/2019 16:00:00,1095.06,2/8/2019 16:00:00,305.8,2/8/2019 16:00:00,305.8
2/11/2019 16:00:00,1095.01,312.84,312.84,2/11/2019 16:00:00,1095.01,2/11/2019 16:00:00,312.84,2/11/2019 16:00:00,312.84
2/12/2019 16:00:00,1121.37,311.81,311.81,2/12/2019 16:00:00,1121.37,2/12/2019 16:00:00,311.81,2/12/2019 16:00:00,311.81
2/13/2019 16:00:00,1120.16,308.17,308.17,2/13/2019 16:00:00,1120.16,2/13/2019 16:00:00,308.17,2/13/2019 16:00:00,308.17
2/14/2019 16:00:00,1121.67,303.77,303.77,2/14/2019 16:00:00,1121.67,2/14/2019 16:00:00,303.77,2/14/2019 16:00:00,303.77
2/15/2019 16:00:00,1113.65,307.88,307.88,2/15/2019 16:00:00,1113.65,2/15/2019 16:00:00,307.88,2/15/2019 16:00:00,307.88
2/19/2019 16:00:00,1118.56,305.64,305.64,2/19/2019 16:00:00,1118.56,2/19/2019 16:00:00,305.64,2/19/2019 16:00:00,305.64
2/20/2019 16:00:00,1113.8,302.56,302.56,2/20/2019 16:00:00,1113.8,2/20/2019 16:00:00,302.56,2/20/2019 16:00:00,302.56
2/21/2019 16:00:00,1096.97,291.23,291.23,2/21/2019 16:00:00,1096.97,2/21/2019 16:00:00,291.23,2/21/2019 16:00:00,291.23
2/22/2019 16:00:00,1110.37,294.71,294.71,2/22/2019 16:00:00,1110.37,2/22/2019 16:00:00,294.71,2/22/2019 16:00:00,294.71
2/25/2019 16:00:00,1109.4,298.77,298.77,2/25/2019 16:00:00,1109.4,2/25/2019 16:00:00,298.77,2/25/2019 16:00:00,298.77
2/26/2019 16:00:00,1115.13,297.86,297.86,2/26/2019 16:00:00,1115.13,2/26/2019 16:00:00,297.86,2/26/2019 16:00:00,297.86
2/27/2019 16:00:00,1116.05,314.74,314.74,2/27/2019 16:00:00,1116.05,2/27/2019 16:00:00,314.74,2/27/2019 16:00:00,314.74
2/28/2019 16:00:00,1119.92,319.88,319.88,2/28/2019 16:00:00,1119.92,2/28/2019 16:00:00,319.88,2/28/2019 16:00:00,319.88
3/1/2019 16:00:00,1140.99,294.79,294.79,3/1/2019 16:00:00,1140.99,3/1/2019 16:00:00,294.79,3/1/2019 16:00:00,294.79
3/4/2019 16:00:00,1147.8,285.36,285.36,3/4/2019 16:00:00,1147.8,3/4/2019 16:00:00,285.36,3/4/2019 16:00:00,285.36
3/5/2019 16:00:00,1162.03,276.54,276.54,3/5/2019 16:00:00,1162.03,3/5/2019 16:00:00,276.54,3/5/2019 16:00:00,276.54
3/6/2019 16:00:00,1157.86,276.24,276.24,3/6/2019 16:00:00,1157.86,3/6/2019 16:00:00,276.24,3/6/2019 16:00:00,276.24
3/7/2019 16:00:00,1143.3,276.59,276.59,3/7/2019 16:00:00,1143.3,3/7/2019 16:00:00,276.59,3/7/2019 16:00:00,276.59
3/8/2019 16:00:00,1142.32,284.14,284.14,3/8/2019 16:00:00,1142.32,3/8/2019 16:00:00,284.14,3/8/2019 16:00:00,284.14
3/11/2019 16:00:00,1175.76,290.92,290.92,3/11/2019 16:00:00,1175.76,3/11/2019 16:00:00,290.92,3/11/2019 16:00:00,290.92
3/12/2019 16:00:00,1193.2,283.36,283.36,3/12/2019 16:00:00,1193.2,3/12/2019 16:00:00,283.36,3/12/2019 16:00:00,283.36
3/13/2019 16:00:00,1193.32,288.96,288.96,3/13/2019 16:00:00,1193.32,3/13/2019 16:00:00,288.96,3/13/2019 16:00:00,288.96
3/14/2019 16:00:00,1185.55,289.96,289.96,3/14/2019 16:00:00,1185.55,3/14/2019 16:00:00,289.96,3/14/2019 16:00:00,289.96
3/15/2019 16:00:00,1184.46,275.43,275.43,3/15/2019 16:00:00,1184.46,3/15/2019 16:00:00,275.43,3/15/2019 16:00:00,275.43
3/18/2019 16:00:00,1184.26,269.49,269.49,3/18/2019 16:00:00,1184.26,3/18/2019 16:00:00,269.49,3/18/2019 16:00:00,269.49
3/19/2019 16:00:00,1198.85,267.47,267.47,3/19/2019 16:00:00,1198.85,3/19/2019 16:00:00,267.47,3/19/2019 16:00:00,267.47
3/20/2019 16:00:00,1223.97,273.6,273.6,3/20/2019 16:00:00,1223.97,3/20/2019 16:00:00,273.6,3/20/2019 16:00:00,273.6
3/21/2019 16:00:00,1231.54,274.02,274.02,3/21/2019 16:00:00,1231.54,3/21/2019 16:00:00,274.02,3/21/2019 16:00:00,274.02
3/22/2019 16:00:00,1205.5,264.53,264.53,3/22/2019 16:00:00,1205.5,3/22/2019 16:00:00,264.53,3/22/2019 16:00:00,264.53
3/25/2019 16:00:00,1193,260.42,260.42,3/25/2019 16:00:00,1193,3/25/2019 16:00:00,260.42,3/25/2019 16:00:00,260.42
3/26/2019 16:00:00,1184.62,267.77,267.77,3/26/2019 16:00:00,1184.62,3/26/2019 16:00:00,267.77,3/26/2019 16:00:00,267.77
3/27/2019 16:00:00,1173.02,274.83,274.83,3/27/2019 16:00:00,1173.02,3/27/2019 16:00:00,274.83,3/27/2019 16:00:00,274.83
3/28/2019 16:00:00,1168.49,278.62,278.62,3/28/2019 16:00:00,1168.49,3/28/2019 16:00:00,278.62,3/28/2019 16:00:00,278.62
3/29/2019 16:00:00,1173.31,279.86,279.86,3/29/2019 16:00:00,1173.31,3/29/2019 16:00:00,279.86,3/29/2019 16:00:00,279.86
4/1/2019 16:00:00,1194.43,289.18,289.18,4/1/2019 16:00:00,1194.43,4/1/2019 16:00:00,289.18,4/1/2019 16:00:00,289.18
4/2/2019 16:00:00,1200.49,285.88,285.88,4/2/2019 16:00:00,1200.49,4/2/2019 16:00:00,285.88,4/2/2019 16:00:00,285.88
4/3/2019 16:00:00,1205.92,291.81,291.81,4/3/2019 16:00:00,1205.92,4/3/2019 16:00:00,291.81,4/3/2019 16:00:00,291.81
4/4/2019 16:00:00,1215,267.78,267.78,4/4/2019 16:00:00,1215,4/4/2019 16:00:00,267.78,4/4/2019 16:00:00,267.78
4/5/2019 16:00:00,1207.15,274.96,274.96,4/5/2019 16:00:00,1207.15,4/5/2019 16:00:00,274.96,4/5/2019 16:00:00,274.96
4/8/2019 16:00:00,1203.84,273.2,273.2,4/8/2019 16:00:00,1203.84,4/8/2019 16:00:00,273.2,4/8/2019 16:00:00,273.2
4/9/2019 16:00:00,1197.25,272.31,272.31,4/9/2019 16:00:00,1197.25,4/9/2019 16:00:00,272.31,4/9/2019 16:00:00,272.31
4/10/2019 16:00:00,1202.16,276.06,276.06,4/10/2019 16:00:00,1202.16,4/10/2019 16:00:00,276.06,4/10/2019 16:00:00,276.06
4/11/2019 16:00:00,1204.62,268.42,268.42,4/11/2019 16:00:00,1204.62,4/11/2019 16:00:00,268.42,4/11/2019 16:00:00,268.42
4/12/2019 16:00:00,1217.87,267.7,267.7,4/12/2019 16:00:00,1217.87,4/12/2019 16:00:00,267.7,4/12/2019 16:00:00,267.7
4/15/2019 16:00:00,1221.1,266.38,266.38,4/15/2019 16:00:00,1221.1,4/15/2019 16:00:00,266.38,4/15/2019 16:00:00,266.38
4/16/2019 16:00:00,1227.13,273.36,273.36,4/16/2019 16:00:00,1227.13,4/16/2019 16:00:00,273.36,4/16/2019 16:00:00,273.36
4/17/2019 16:00:00,1236.34,271.23,271.23,4/17/2019 16:00:00,1236.34,4/17/2019 16:00:00,271.23,4/17/2019 16:00:00,271.23
4/18/2019 16:00:00,1236.37,273.26,273.26,4/18/2019 16:00:00,1236.37,4/18/2019 16:00:00,273.26,4/18/2019 16:00:00,273.26
4/22/2019 16:00:00,1248.84,262.75,262.75,4/22/2019 16:00:00,1248.84,4/22/2019 16:00:00,262.75,4/22/2019 16:00:00,262.75
4/23/2019 16:00:00,1264.55,263.9,263.9,4/23/2019 16:00:00,1264.55,4/23/2019 16:00:00,263.9,4/23/2019 16:00:00,263.9
4/24/2019 16:00:00,1256,258.66,258.66,4/24/2019 16:00:00,1256,4/24/2019 16:00:00,258.66,4/24/2019 16:00:00,258.66
4/25/2019 16:00:00,1263.45,247.63,247.63,4/25/2019 16:00:00,1263.45,4/25/2019 16:00:00,247.63,4/25/2019 16:00:00,247.63
4/26/2019 16:00:00,1272.18,235.14,235.14,4/26/2019 16:00:00,1272.18,4/26/2019 16:00:00,235.14,4/26/2019 16:00:00,235.14
4/29/2019 16:00:00,1287.58,241.47,241.47,4/29/2019 16:00:00,1287.58,4/29/2019 16:00:00,241.47,4/29/2019 16:00:00,241.47
4/30/2019 16:00:00,1188.48,238.69,238.69,4/30/2019 16:00:00,1188.48,4/30/2019 16:00:00,238.69,4/30/2019 16:00:00,238.69
5/1/2019 16:00:00,1168.08,234.01,234.01,5/1/2019 16:00:00,1168.08,5/1/2019 16:00:00,234.01,5/1/2019 16:00:00,234.01
5/2/2019 16:00:00,1162.61,244.1,244.1,5/2/2019 16:00:00,1162.61,5/2/2019 16:00:00,244.1,5/2/2019 16:00:00,244.1
5/3/2019 16:00:00,1185.4,255.03,255.03,5/3/2019 16:00:00,1185.4,5/3/2019 16:00:00,255.03,5/3/2019 16:00:00,255.03
5/6/2019 16:00:00,1189.39,255.34,255.34,5/6/2019 16:00:00,1189.39,5/6/2019 16:00:00,255.34,5/6/2019 16:00:00,255.34
5/7/2019 16:00:00,1174.1,247.06,247.06,5/7/2019 16:00:00,1174.1,5/7/2019 16:00:00,247.06,5/7/2019 16:00:00,247.06
5/8/2019 16:00:00,1166.27,244.84,244.84,5/8/2019 16:00:00,1166.27,5/8/2019 16:00:00,244.84,5/8/2019 16:00:00,244.84
5/9/2019 16:00:00,1162.38,241.98,241.98,5/9/2019 16:00:00,1162.38,5/9/2019 16:00:00,241.98,5/9/2019 16:00:00,241.98
5/10/2019 16:00:00,1164.27,239.52,239.52,5/10/2019 16:00:00,1164.27,5/10/2019 16:00:00,239.52,5/10/2019 16:00:00,239.52
5/13/2019 16:00:00,1132.03,227.01,227.01,5/13/2019 16:00:00,1132.03,5/13/2019 16:00:00,227.01,5/13/2019 16:00:00,227.01
5/14/2019 16:00:00,1120.44,232.31,232.31,5/14/2019 16:00:00,1120.44,5/14/2019 16:00:00,232.31,5/14/2019 16:00:00,232.31
5/15/2019 16:00:00,1164.21,231.95,231.95,5/15/2019 16:00:00,1164.21,5/15/2019 16:00:00,231.95,5/15/2019 16:00:00,231.95
5/16/2019 16:00:00,1178.98,228.33,228.33,5/16/2019 16:00:00,1178.98,5/16/2019 16:00:00,228.33,5/16/2019 16:00:00,228.33
5/17/2019 16:00:00,1162.3,211.03,211.03,5/17/2019 16:00:00,1162.3,5/17/2019 16:00:00,211.03,5/17/2019 16:00:00,211.03
5/20/2019 16:00:00,1138.85,205.36,205.36,5/20/2019 16:00:00,1138.85,5/20/2019 16:00:00,205.36,5/20/2019 16:00:00,205.36
5/21/2019 16:00:00,1149.63,205.08,205.08,5/21/2019 16:00:00,1149.63,5/21/2019 16:00:00,205.08,5/21/2019 16:00:00,205.08
5/22/2019 16:00:00,1151.42,192.73,192.73,5/22/2019 16:00:00,1151.42,5/22/2019 16:00:00,192.73,5/22/2019 16:00:00,192.73
5/23/2019 16:00:00,1140.77,195.49,195.49,5/23/2019 16:00:00,1140.77,5/23/2019 16:00:00,195.49,5/23/2019 16:00:00,195.49
5/24/2019 16:00:00,1133.47,190.63,190.63,5/24/2019 16:00:00,1133.47,5/24/2019 16:00:00,190.63,5/24/2019 16:00:00,190.63
5/28/2019 16:00:00,1134.15,188.7,188.7,5/28/2019 16:00:00,1134.15,5/28/2019 16:00:00,188.7,5/28/2019 16:00:00,188.7
5/29/2019 16:00:00,1116.46,189.86,189.86,5/29/2019 16:00:00,1116.46,5/29/2019 16:00:00,189.86,5/29/2019 16:00:00,189.86
5/30/2019 16:00:00,1117.95,188.22,188.22,5/30/2019 16:00:00,1117.95,5/30/2019 16:00:00,188.22,5/30/2019 16:00:00,188.22
5/31/2019 16:00:00,1103.63,185.16,185.16,5/31/2019 16:00:00,1103.63,5/31/2019 16:00:00,185.16,5/31/2019 16:00:00,185.16
6/3/2019 16:00:00,1036.23,178.97,178.97,6/3/2019 16:00:00,1036.23,6/3/2019 16:00:00,178.97,6/3/2019 16:00:00,178.97
6/4/2019 16:00:00,1053.05,193.6,193.6,6/4/2019 16:00:00,1053.05,6/4/2019 16:00:00,193.6,6/4/2019 16:00:00,193.6
6/5/2019 16:00:00,1042.22,196.59,196.59,6/5/2019 16:00:00,1042.22,6/5/2019 16:00:00,196.59,6/5/2019 16:00:00,196.59
6/6/2019 16:00:00,1044.34,205.95,205.95,6/6/2019 16:00:00,1044.34,6/6/2019 16:00:00,205.95,6/6/2019 16:00:00,205.95
6/7/2019 16:00:00,1066.04,204.5,204.5,6/7/2019 16:00:00,1066.04,6/7/2019 16:00:00,204.5,6/7/2019 16:00:00,204.5
6/10/2019 16:00:00,1080.38,212.88,212.88,6/10/2019 16:00:00,1080.38,6/10/2019 16:00:00,212.88,6/10/2019 16:00:00,212.88
6/11/2019 16:00:00,1078.72,217.1,217.1,6/11/2019 16:00:00,1078.72,6/11/2019 16:00:00,217.1,6/11/2019 16:00:00,217.1
6/12/2019 16:00:00,1077.03,209.26,209.26,6/12/2019 16:00:00,1077.03,6/12/2019 16:00:00,209.26,6/12/2019 16:00:00,209.26
6/13/2019 16:00:00,1088.77,213.91,213.91,6/13/2019 16:00:00,1088.77,6/13/2019 16:00:00,213.91,6/13/2019 16:00:00,213.91
6/14/2019 16:00:00,1085.35,214.92,214.92,6/14/2019 16:00:00,1085.35,6/14/2019 16:00:00,214.92,6/14/2019 16:00:00,214.92
6/17/2019 16:00:00,1092.5,225.03,225.03,6/17/2019 16:00:00,1092.5,6/17/2019 16:00:00,225.03,6/17/2019 16:00:00,225.03
6/18/2019 16:00:00,1103.6,224.74,224.74,6/18/2019 16:00:00,1103.6,6/18/2019 16:00:00,224.74,6/18/2019 16:00:00,224.74
6/19/2019 16:00:00,1102.33,226.43,226.43,6/19/2019 16:00:00,1102.33,6/19/2019 16:00:00,226.43,6/19/2019 16:00:00,226.43
6/20/2019 16:00:00,1111.42,219.62,219.62,6/20/2019 16:00:00,1111.42,6/20/2019 16:00:00,219.62,6/20/2019 16:00:00,219.62
6/21/2019 16:00:00,1121.88,221.86,221.86,6/21/2019 16:00:00,1121.88,6/21/2019 16:00:00,221.86,6/21/2019 16:00:00,221.86
6/24/2019 16:00:00,1115.52,223.64,223.64,6/24/2019 16:00:00,1115.52,6/24/2019 16:00:00,223.64,6/24/2019 16:00:00,223.64
6/25/2019 16:00:00,1086.35,219.76,219.76,6/25/2019 16:00:00,1086.35,6/25/2019 16:00:00,219.76,6/25/2019 16:00:00,219.76
6/26/2019 16:00:00,1079.8,219.27,219.27,6/26/2019 16:00:00,1079.8,6/26/2019 16:00:00,219.27,6/26/2019 16:00:00,219.27
6/27/2019 16:00:00,1076.01,222.84,222.84,6/27/2019 16:00:00,1076.01,6/27/2019 16:00:00,222.84,6/27/2019 16:00:00,222.84
6/28/2019 16:00:00,1080.91,223.46,223.46,6/28/2019 16:00:00,1080.91,6/28/2019 16:00:00,223.46,6/28/2019 16:00:00,223.46
7/1/2019 16:00:00,1097.95,227.17,227.17,7/1/2019 16:00:00,1097.95,7/1/2019 16:00:00,227.17,7/1/2019 16:00:00,227.17
7/2/2019 16:00:00,1111.25,224.55,224.55,7/2/2019 16:00:00,1111.25,7/2/2019 16:00:00,224.55,7/2/2019 16:00:00,224.55
7/3/2019 13:00:00,1121.58,234.9,234.9,7/3/2019 13:00:00,1121.58,7/3/2019 13:00:00,234.9,7/3/2019 13:00:00,234.9
7/5/2019 16:00:00,1131.59,233.1,233.1,7/5/2019 16:00:00,1131.59,7/5/2019 16:00:00,233.1,7/5/2019 16:00:00,233.1
7/8/2019 16:00:00,1116.35,230.34,230.34,7/8/2019 16:00:00,1116.35,7/8/2019 16:00:00,230.34,7/8/2019 16:00:00,230.34
7/9/2019 16:00:00,1124.83,230.06,230.06,7/9/2019 16:00:00,1124.83,7/9/2019 16:00:00,230.06,7/9/2019 16:00:00,230.06
7/10/2019 16:00:00,1140.48,238.92,238.92,7/10/2019 16:00:00,1140.48,7/10/2019 16:00:00,238.92,7/10/2019 16:00:00,238.92
7/11/2019 16:00:00,1144.21,238.6,238.6,7/11/2019 16:00:00,1144.21,7/11/2019 16:00:00,238.6,7/11/2019 16:00:00,238.6
7/12/2019 16:00:00,1144.9,245.08,245.08,7/12/2019 16:00:00,1144.9,7/12/2019 16:00:00,245.08,7/12/2019 16:00:00,245.08
7/15/2019 16:00:00,1150.34,253.5,253.5,7/15/2019 16:00:00,1150.34,7/15/2019 16:00:00,253.5,7/15/2019 16:00:00,253.5
7/16/2019 16:00:00,1153.58,252.38,252.38,7/16/2019 16:00:00,1153.58,7/16/2019 16:00:00,252.38,7/16/2019 16:00:00,252.38
7/17/2019 16:00:00,1146.35,254.86,254.86,7/17/2019 16:00:00,1146.35,7/17/2019 16:00:00,254.86,7/17/2019 16:00:00,254.86
7/18/2019 16:00:00,1146.33,253.54,253.54,7/18/2019 16:00:00,1146.33,7/18/2019 16:00:00,253.54,7/18/2019 16:00:00,253.54
7/19/2019 16:00:00,1130.1,258.18,258.18,7/19/2019 16:00:00,1130.1,7/19/2019 16:00:00,258.18,7/19/2019 16:00:00,258.18
7/22/2019 16:00:00,1138.07,255.68,255.68,7/22/2019 16:00:00,1138.07,7/22/2019 16:00:00,255.68,7/22/2019 16:00:00,255.68
7/23/2019 16:00:00,1146.21,260.17,260.17,7/23/2019 16:00:00,1146.21,7/23/2019 16:00:00,260.17,7/23/2019 16:00:00,260.17
7/24/2019 16:00:00,1137.81,264.88,264.88,7/24/2019 16:00:00,1137.81,7/24/2019 16:00:00,264.88,7/24/2019 16:00:00,264.88
7/25/2019 16:00:00,1132.12,228.82,228.82,7/25/2019 16:00:00,1132.12,7/25/2019 16:00:00,228.82,7/25/2019 16:00:00,228.82
7/26/2019 16:00:00,1250.41,228.04,228.04,7/26/2019 16:00:00,1250.41,7/26/2019 16:00:00,228.04,7/26/2019 16:00:00,228.04
7/29/2019 16:00:00,1239.41,235.77,235.77,7/29/2019 16:00:00,1239.41,7/29/2019 16:00:00,235.77,7/29/2019 16:00:00,235.77
7/30/2019 16:00:00,1225.14,242.26,242.26,7/30/2019 16:00:00,1225.14,7/30/2019 16:00:00,242.26,7/30/2019 16:00:00,242.26
7/31/2019 16:00:00,1216.68,241.61,241.61,7/31/2019 16:00:00,1216.68,7/31/2019 16:00:00,241.61,7/31/2019 16:00:00,241.61
8/1/2019 16:00:00,1209.01,233.85,233.85,8/1/2019 16:00:00,1209.01,8/1/2019 16:00:00,233.85,8/1/2019 16:00:00,233.85
8/2/2019 16:00:00,1193.99,234.34,234.34,8/2/2019 16:00:00,1193.99,8/2/2019 16:00:00,234.34,8/2/2019 16:00:00,234.34
8/5/2019 16:00:00,1152.32,228.32,228.32,8/5/2019 16:00:00,1152.32,8/5/2019 16:00:00,228.32,8/5/2019 16:00:00,228.32
8/6/2019 16:00:00,1169.95,230.75,230.75,8/6/2019 16:00:00,1169.95,8/6/2019 16:00:00,230.75,8/6/2019 16:00:00,230.75
8/7/2019 16:00:00,1173.99,233.42,233.42,8/7/2019 16:00:00,1173.99,8/7/2019 16:00:00,233.42,8/7/2019 16:00:00,233.42
8/8/2019 16:00:00,1204.8,238.3,238.3,8/8/2019 16:00:00,1204.8,8/8/2019 16:00:00,238.3,8/8/2019 16:00:00,238.3
8/9/2019 16:00:00,1188.01,235.01,235.01,8/9/2019 16:00:00,1188.01,8/9/2019 16:00:00,235.01,8/9/2019 16:00:00,235.01
8/12/2019 16:00:00,1174.71,229.01,229.01,8/12/2019 16:00:00,1174.71,8/12/2019 16:00:00,229.01,8/12/2019 16:00:00,229.01
8/13/2019 16:00:00,1197.27,235,235,8/13/2019 16:00:00,1197.27,8/13/2019 16:00:00,235,8/13/2019 16:00:00,235
8/14/2019 16:00:00,1164.29,219.62,219.62,8/14/2019 16:00:00,1164.29,8/14/2019 16:00:00,219.62,8/14/2019 16:00:00,219.62
8/15/2019 16:00:00,1167.26,215.64,215.64,8/15/2019 16:00:00,1167.26,8/15/2019 16:00:00,215.64,8/15/2019 16:00:00,215.64
8/16/2019 16:00:00,1177.6,219.94,219.94,8/16/2019 16:00:00,1177.6,8/16/2019 16:00:00,219.94,8/16/2019 16:00:00,219.94
8/19/2019 16:00:00,1198.45,226.83,226.83,8/19/2019 16:00:00,1198.45,8/19/2019 16:00:00,226.83,8/19/2019 16:00:00,226.83
8/20/2019 16:00:00,1182.69,225.86,225.86,8/20/2019 16:00:00,1182.69,8/20/2019 16:00:00,225.86,8/20/2019 16:00:00,225.86
8/21/2019 16:00:00,1191.25,220.83,220.83,8/21/2019 16:00:00,1191.25,8/21/2019 16:00:00,220.83,8/21/2019 16:00:00,220.83
8/22/2019 16:00:00,1189.53,222.15,222.15,8/22/2019 16:00:00,1189.53,8/22/2019 16:00:00,222.15,8/22/2019 16:00:00,222.15
8/23/2019 16:00:00,1151.29,211.4,211.4,8/23/2019 16:00:00,1151.29,8/23/2019 16:00:00,211.4,8/23/2019 16:00:00,211.4
8/26/2019 16:00:00,1168.89,215,215,8/26/2019 16:00:00,1168.89,8/26/2019 16:00:00,215,8/26/2019 16:00:00,215
8/27/2019 16:00:00,1167.84,214.08,214.08,8/27/2019 16:00:00,1167.84,8/27/2019 16:00:00,214.08,8/27/2019 16:00:00,214.08
8/28/2019 16:00:00,1171.02,215.59,215.59,8/28/2019 16:00:00,1171.02,8/28/2019 16:00:00,215.59,8/28/2019 16:00:00,215.59
8/29/2019 16:00:00,1192.85,221.71,221.71,8/29/2019 16:00:00,1192.85,8/29/2019 16:00:00,221.71,8/29/2019 16:00:00,221.71
8/30/2019 16:00:00,1188.1,225.61,225.61,8/30/2019 16:00:00,1188.1,8/30/2019 16:00:00,225.61,8/30/2019 16:00:00,225.61
9/3/2019 16:00:00,1168.39,225.01,225.01,9/3/2019 16:00:00,1168.39,9/3/2019 16:00:00,225.01,9/3/2019 16:00:00,225.01
9/4/2019 16:00:00,1181.41,220.68,220.68,9/4/2019 16:00:00,1181.41,9/4/2019 16:00:00,220.68,9/4/2019 16:00:00,220.68
9/5/2019 16:00:00,1211.38,229.58,229.58,9/5/2019 16:00:00,1211.38,9/5/2019 16:00:00,229.58,9/5/2019 16:00:00,229.58
9/6/2019 16:00:00,1204.93,227.45,227.45,9/6/2019 16:00:00,1204.93,9/6/2019 16:00:00,227.45,9/6/2019 16:00:00,227.45
9/9/2019 16:00:00,1204.41,231.79,231.79,9/9/2019 16:00:00,1204.41,9/9/2019 16:00:00,231.79,9/9/2019 16:00:00,231.79
9/10/2019 16:00:00,1206,235.54,235.54,9/10/2019 16:00:00,1206,9/10/2019 16:00:00,235.54,9/10/2019 16:00:00,235.54
9/11/2019 16:00:00,1220.17,247.1,247.1,9/11/2019 16:00:00,1220.17,9/11/2019 16:00:00,247.1,9/11/2019 16:00:00,247.1
9/12/2019 16:00:00,1234.25,245.87,245.87,9/12/2019 16:00:00,1234.25,9/12/2019 16:00:00,245.87,9/12/2019 16:00:00,245.87
9/13/2019 16:00:00,1239.56,245.2,245.2,9/13/2019 16:00:00,1239.56,9/13/2019 16:00:00,245.2,9/13/2019 16:00:00,245.2
9/16/2019 16:00:00,1231.3,242.81,242.81,9/16/2019 16:00:00,1231.3,9/16/2019 16:00:00,242.81,9/16/2019 16:00:00,242.81
9/17/2019 16:00:00,1229.15,244.79,244.79,9/17/2019 16:00:00,1229.15,9/17/2019 16:00:00,244.79,9/17/2019 16:00:00,244.79
9/18/2019 16:00:00,1232.41,243.49,243.49,9/18/2019 16:00:00,1232.41,9/18/2019 16:00:00,243.49,9/18/2019 16:00:00,243.49
9/19/2019 16:00:00,1238.71,246.6,246.6,9/19/2019 16:00:00,1238.71,9/19/2019 16:00:00,246.6,9/19/2019 16:00:00,246.6
9/20/2019 16:00:00,1229.93,240.62,240.62,9/20/2019 16:00:00,1229.93,9/20/2019 16:00:00,240.62,9/20/2019 16:00:00,240.62
9/23/2019 16:00:00,1234.03,241.23,241.23,9/23/2019 16:00:00,1234.03,9/23/2019 16:00:00,241.23,9/23/2019 16:00:00,241.23
9/24/2019 16:00:00,1218.76,223.21,223.21,9/24/2019 16:00:00,1218.76,9/24/2019 16:00:00,223.21,9/24/2019 16:00:00,223.21
9/25/2019 16:00:00,1246.52,228.7,228.7,9/25/2019 16:00:00,1246.52,9/25/2019 16:00:00,228.7,9/25/2019 16:00:00,228.7
9/26/2019 16:00:00,1241.39,242.56,242.56,9/26/2019 16:00:00,1241.39,9/26/2019 16:00:00,242.56,9/26/2019 16:00:00,242.56
9/27/2019 16:00:00,1225.09,242.13,242.13,9/27/2019 16:00:00,1225.09,9/27/2019 16:00:00,242.13,9/27/2019 16:00:00,242.13
9/30/2019 16:00:00,1219,240.87,240.87,9/30/2019 16:00:00,1219,9/30/2019 16:00:00,240.87,9/30/2019 16:00:00,240.87
10/1/2019 16:00:00,1205.1,244.69,244.69,10/1/2019 16:00:00,1205.1,10/1/2019 16:00:00,244.69,10/1/2019 16:00:00,244.69
10/2/2019 16:00:00,1176.63,243.13,243.13,10/2/2019 16:00:00,1176.63,10/2/2019 16:00:00,243.13,10/2/2019 16:00:00,243.13
10/3/2019 16:00:00,1187.83,233.03,233.03,10/3/2019 16:00:00,1187.83,10/3/2019 16:00:00,233.03,10/3/2019 16:00:00,233.03
10/4/2019 16:00:00,1209,231.43,231.43,10/4/2019 16:00:00,1209,10/4/2019 16:00:00,231.43,10/4/2019 16:00:00,231.43
10/7/2019 16:00:00,1207.68,237.72,237.72,10/7/2019 16:00:00,1207.68,10/7/2019 16:00:00,237.72,10/7/2019 16:00:00,237.72
10/8/2019 16:00:00,1189.13,240.05,240.05,10/8/2019 16:00:00,1189.13,10/8/2019 16:00:00,240.05,10/8/2019 16:00:00,240.05
10/9/2019 16:00:00,1202.31,244.53,244.53,10/9/2019 16:00:00,1202.31,10/9/2019 16:00:00,244.53,10/9/2019 16:00:00,244.53
10/10/2019 16:00:00,1208.67,244.74,244.74,10/10/2019 16:00:00,1208.67,10/10/2019 16:00:00,244.74,10/10/2019 16:00:00,244.74
10/11/2019 16:00:00,1215.45,247.89,247.89,10/11/2019 16:00:00,1215.45,10/11/2019 16:00:00,247.89,10/11/2019 16:00:00,247.89
10/14/2019 16:00:00,1217.14,256.96,256.96,10/14/2019 16:00:00,1217.14,10/14/2019 16:00:00,256.96,10/14/2019 16:00:00,256.96
10/15/2019 16:00:00,1243.01,257.89,257.89,10/15/2019 16:00:00,1243.01,10/15/2019 16:00:00,257.89,10/15/2019 16:00:00,257.89
10/16/2019 16:00:00,1243.64,259.75,259.75,10/16/2019 16:00:00,1243.64,10/16/2019 16:00:00,259.75,10/16/2019 16:00:00,259.75
10/17/2019 16:00:00,1253.07,261.97,261.97,10/17/2019 16:00:00,1253.07,10/17/2019 16:00:00,261.97,10/17/2019 16:00:00,261.97
10/18/2019 16:00:00,1245.49,256.95,256.95,10/18/2019 16:00:00,1245.49,10/18/2019 16:00:00,256.95,10/18/2019 16:00:00,256.95
10/21/2019 16:00:00,1246.15,253.5,253.5,10/21/2019 16:00:00,1246.15,10/21/2019 16:00:00,253.5,10/21/2019 16:00:00,253.5
10/22/2019 16:00:00,1242.8,255.58,255.58,10/22/2019 16:00:00,1242.8,10/22/2019 16:00:00,255.58,10/22/2019 16:00:00,255.58
10/23/2019 16:00:00,1259.13,254.68,254.68,10/23/2019 16:00:00,1259.13,10/23/2019 16:00:00,254.68,10/23/2019 16:00:00,254.68
10/24/2019 16:00:00,1260.99,299.68,299.68,10/24/2019 16:00:00,1260.99,10/24/2019 16:00:00,299.68,10/24/2019 16:00:00,299.68
10/25/2019 16:00:00,1265.13,328.13,328.13,10/25/2019 16:00:00,1265.13,10/25/2019 16:00:00,328.13,10/25/2019 16:00:00,328.13
10/28/2019 16:00:00,1290,327.71,327.71,10/28/2019 16:00:00,1290,10/28/2019 16:00:00,327.71,10/28/2019 16:00:00,327.71
10/29/2019 16:00:00,1262.62,316.22,316.22,10/29/2019 16:00:00,1262.62,10/29/2019 16:00:00,316.22,10/29/2019 16:00:00,316.22
10/30/2019 16:00:00,1261.29,315.01,315.01,10/30/2019 16:00:00,1261.29,10/30/2019 16:00:00,315.01,10/30/2019 16:00:00,315.01
10/31/2019 16:00:00,1260.11,314.92,314.92,10/31/2019 16:00:00,1260.11,10/31/2019 16:00:00,314.92,10/31/2019 16:00:00,314.92
11/1/2019 16:00:00,1273.74,313.31,313.31,11/1/2019 16:00:00,1273.74,11/1/2019 16:00:00,313.31,11/1/2019 16:00:00,313.31
11/4/2019 16:00:00,1291.37,317.47,317.47,11/4/2019 16:00:00,1291.37,11/4/2019 16:00:00,317.47,11/4/2019 16:00:00,317.47
11/5/2019 16:00:00,1292.03,317.22,317.22,11/5/2019 16:00:00,1292.03,11/5/2019 16:00:00,317.22,11/5/2019 16:00:00,317.22
11/6/2019 16:00:00,1291.8,326.58,326.58,11/6/2019 16:00:00,1291.8,11/6/2019 16:00:00,326.58,11/6/2019 16:00:00,326.58
11/7/2019 16:00:00,1308.86,335.54,335.54,11/7/2019 16:00:00,1308.86,11/7/2019 16:00:00,335.54,11/7/2019 16:00:00,335.54
11/8/2019 16:00:00,1311.37,337.14,337.14,11/8/2019 16:00:00,1311.37,11/8/2019 16:00:00,337.14,11/8/2019 16:00:00,337.14
11/11/2019 16:00:00,1299.19,345.09,345.09,11/11/2019 16:00:00,1299.19,11/11/2019 16:00:00,345.09,11/11/2019 16:00:00,345.09
11/12/2019 16:00:00,1298.8,349.93,349.93,11/12/2019 16:00:00,1298.8,11/12/2019 16:00:00,349.93,11/12/2019 16:00:00,349.93
11/13/2019 16:00:00,1298,346.11,346.11,11/13/2019 16:00:00,1298,11/13/2019 16:00:00,346.11,11/13/2019 16:00:00,346.11
11/14/2019 16:00:00,1311.46,349.35,349.35,11/14/2019 16:00:00,1311.46,11/14/2019 16:00:00,349.35,11/14/2019 16:00:00,349.35
11/15/2019 16:00:00,1334.87,352.17,352.17,11/15/2019 16:00:00,1334.87,11/15/2019 16:00:00,352.17,11/15/2019 16:00:00,352.17
11/18/2019 16:00:00,1320.7,349.99,349.99,11/18/2019 16:00:00,1320.7,11/18/2019 16:00:00,349.99,11/18/2019 16:00:00,349.99
11/19/2019 16:00:00,1315.46,359.52,359.52,11/19/2019 16:00:00,1315.46,11/19/2019 16:00:00,359.52,11/19/2019 16:00:00,359.52
11/20/2019 16:00:00,1303.05,352.22,352.22,11/20/2019 16:00:00,1303.05,11/20/2019 16:00:00,352.22,11/20/2019 16:00:00,352.22
11/21/2019 16:00:00,1301.35,354.83,354.83,11/21/2019 16:00:00,1301.35,11/21/2019 16:00:00,354.83,11/21/2019 16:00:00,354.83
11/22/2019 16:00:00,1295.34,333.04,333.04,11/22/2019 16:00:00,1295.34,11/22/2019 16:00:00,333.04,11/22/2019 16:00:00,333.04
11/25/2019 16:00:00,1306.69,336.34,336.34,11/25/2019 16:00:00,1306.69,11/25/2019 16:00:00,336.34,11/25/2019 16:00:00,336.34
11/26/2019 16:00:00,1313.55,328.92,328.92,11/26/2019 16:00:00,1313.55,11/26/2019 16:00:00,328.92,11/26/2019 16:00:00,328.92
11/27/2019 16:00:00,1312.99,331.29,331.29,11/27/2019 16:00:00,1312.99,11/27/2019 16:00:00,331.29,11/27/2019 16:00:00,331.29
11/29/2019 13:00:00,1304.96,329.94,329.94,11/29/2019 13:00:00,1304.96,11/29/2019 13:00:00,329.94,11/29/2019 13:00:00,329.94
12/2/2019 16:00:00,1289.92,334.87,334.87,12/2/2019 16:00:00,1289.92,12/2/2019 16:00:00,334.87,12/2/2019 16:00:00,334.87
12/3/2019 16:00:00,1295.28,336.2,336.2,12/3/2019 16:00:00,1295.28,12/3/2019 16:00:00,336.2,12/3/2019 16:00:00,336.2
12/4/2019 16:00:00,1320.54,333.03,333.03,12/4/2019 16:00:00,1320.54,12/4/2019 16:00:00,333.03,12/4/2019 16:00:00,333.03
12/5/2019 16:00:00,1328.13,330.37,330.37,12/5/2019 16:00:00,1328.13,12/5/2019 16:00:00,330.37,12/5/2019 16:00:00,330.37
12/6/2019 16:00:00,1340.62,335.89,335.89,12/6/2019 16:00:00,1340.62,12/6/2019 16:00:00,335.89,12/6/2019 16:00:00,335.89
12/9/2019 16:00:00,1343.56,339.53,339.53,12/9/2019 16:00:00,1343.56,12/9/2019 16:00:00,339.53,12/9/2019 16:00:00,339.53
12/10/2019 16:00:00,1344.66,348.84,348.84,12/10/2019 16:00:00,1344.66,12/10/2019 16:00:00,348.84,12/10/2019 16:00:00,348.84
12/11/2019 16:00:00,1345.02,352.7,352.7,12/11/2019 16:00:00,1345.02,12/11/2019 16:00:00,352.7,12/11/2019 16:00:00,352.7
12/12/2019 16:00:00,1350.27,359.68,359.68,12/12/2019 16:00:00,1350.27,12/12/2019 16:00:00,359.68,12/12/2019 16:00:00,359.68
12/13/2019 16:00:00,1347.83,358.39,358.39,12/13/2019 16:00:00,1347.83,12/13/2019 16:00:00,358.39,12/13/2019 16:00:00,358.39
12/16/2019 16:00:00,1361.17,381.5,381.5,12/16/2019 16:00:00,1361.17,12/16/2019 16:00:00,381.5,12/16/2019 16:00:00,381.5
12/17/2019 16:00:00,1355.12,378.99,378.99,12/17/2019 16:00:00,1355.12,12/17/2019 16:00:00,378.99,12/17/2019 16:00:00,378.99
12/18/2019 16:00:00,1352.62,393.15,393.15,12/18/2019 16:00:00,1352.62,12/18/2019 16:00:00,393.15,12/18/2019 16:00:00,393.15
12/19/2019 16:00:00,1356.04,404.04,404.04,12/19/2019 16:00:00,1356.04,12/19/2019 16:00:00,404.04,12/19/2019 16:00:00,404.04
12/20/2019 16:00:00,1349.59,405.59,405.59,12/20/2019 16:00:00,1349.59,12/20/2019 16:00:00,405.59,12/20/2019 16:00:00,405.59
12/23/2019 16:00:00,1348.84,419.22,419.22,12/23/2019 16:00:00,1348.84,12/23/2019 16:00:00,419.22,12/23/2019 16:00:00,419.22
12/24/2019 13:00:00,1343.56,425.25,425.25,12/24/2019 13:00:00,1343.56,12/24/2019 13:00:00,425.25,12/24/2019 13:00:00,425.25
12/26/2019 16:00:00,1360.4,430.94,430.94,12/26/2019 16:00:00,1360.4,12/26/2019 16:00:00,430.94,12/26/2019 16:00:00,430.94
12/27/2019 16:00:00,1351.89,430.38,430.38,12/27/2019 16:00:00,1351.89,12/27/2019 16:00:00,430.38,12/27/2019 16:00:00,430.38
12/30/2019 16:00:00,1336.14,414.7,414.7,12/30/2019 16:00:00,1336.14,12/30/2019 16:00:00,414.7,12/30/2019 16:00:00,414.7
12/31/2019 16:00:00,1337.02,418.33,418.33,12/31/2019 16:00:00,1337.02,12/31/2019 16:00:00,418.33,12/31/2019 16:00:00,418.33
1/2/2020 16:00:00,1367.37,430.26,430.26,1/2/2020 16:00:00,1367.37,1/2/2020 16:00:00,430.26,1/2/2020 16:00:00,430.26
1/3/2020 16:00:00,1360.66,443.01,443.01,1/3/2020 16:00:00,1360.66,1/3/2020 16:00:00,443.01,1/3/2020 16:00:00,443.01
1/6/2020 16:00:00,1394.21,451.54,451.54,1/6/2020 16:00:00,1394.21,1/6/2020 16:00:00,451.54,1/6/2020 16:00:00,451.54
1/7/2020 16:00:00,1393.34,469.06,469.06,1/7/2020 16:00:00,1393.34,1/7/2020 16:00:00,469.06,1/7/2020 16:00:00,469.06
1/8/2020 16:00:00,1404.32,492.14,492.14,1/8/2020 16:00:00,1404.32,1/8/2020 16:00:00,492.14,1/8/2020 16:00:00,492.14
1/9/2020 16:00:00,1419.83,481.34,481.34,1/9/2020 16:00:00,1419.83,1/9/2020 16:00:00,481.34,1/9/2020 16:00:00,481.34
1/10/2020 16:00:00,1429.73,478.15,478.15,1/10/2020 16:00:00,1429.73,1/10/2020 16:00:00,478.15,1/10/2020 16:00:00,478.15
1/13/2020 16:00:00,1439.23,524.86,524.86,1/13/2020 16:00:00,1439.23,1/13/2020 16:00:00,524.86,1/13/2020 16:00:00,524.86
1/14/2020 16:00:00,1430.88,537.92,537.92,1/14/2020 16:00:00,1430.88,1/14/2020 16:00:00,537.92,1/14/2020 16:00:00,537.92
1/15/2020 16:00:00,1439.2,518.5,518.5,1/15/2020 16:00:00,1439.2,1/15/2020 16:00:00,518.5,1/15/2020 16:00:00,518.5
1/16/2020 16:00:00,1451.7,513.49,513.49,1/16/2020 16:00:00,1451.7,1/16/2020 16:00:00,513.49,1/16/2020 16:00:00,513.49
1/17/2020 16:00:00,1480.39,510.5,510.5,1/17/2020 16:00:00,1480.39,1/17/2020 16:00:00,510.5,1/17/2020 16:00:00,510.5
1/21/2020 16:00:00,1484.4,547.2,547.2,1/21/2020 16:00:00,1484.4,1/21/2020 16:00:00,547.2,1/21/2020 16:00:00,547.2
1/22/2020 16:00:00,1485.95,569.56,569.56,1/22/2020 16:00:00,1485.95,1/22/2020 16:00:00,569.56,1/22/2020 16:00:00,569.56
1/23/2020 16:00:00,1486.65,572.2,572.2,1/23/2020 16:00:00,1486.65,1/23/2020 16:00:00,572.2,1/23/2020 16:00:00,572.2
1/24/2020 16:00:00,1466.71,564.82,564.82,1/24/2020 16:00:00,1466.71,1/24/2020 16:00:00,564.82,1/24/2020 16:00:00,564.82
1/27/2020 16:00:00,1433.9,558.02,558.02,1/27/2020 16:00:00,1433.9,1/27/2020 16:00:00,558.02,1/27/2020 16:00:00,558.02
1/28/2020 16:00:00,1452.56,566.9,566.9,1/28/2020 16:00:00,1452.56,1/28/2020 16:00:00,566.9,1/28/2020 16:00:00,566.9
1/29/2020 16:00:00,1458.63,580.99,580.99,1/29/2020 16:00:00,1458.63,1/29/2020 16:00:00,580.99,1/29/2020 16:00:00,580.99
1/30/2020 16:00:00,1455.84,640.81,640.81,1/30/2020 16:00:00,1455.84,1/30/2020 16:00:00,640.81,1/30/2020 16:00:00,640.81
1/31/2020 16:00:00,1434.23,650.57,650.57,1/31/2020 16:00:00,1434.23,1/31/2020 16:00:00,650.57,1/31/2020 16:00:00,650.57
2/3/2020 16:00:00,1485.94,780,780,2/3/2020 16:00:00,1485.94,2/3/2020 16:00:00,780,2/3/2020 16:00:00,780
2/4/2020 16:00:00,1447.07,887.06,887.06,2/4/2020 16:00:00,1447.07,2/4/2020 16:00:00,887.06,2/4/2020 16:00:00,887.06
2/5/2020 16:00:00,1448.23,734.7,734.7,2/5/2020 16:00:00,1448.23,2/5/2020 16:00:00,734.7,2/5/2020 16:00:00,734.7
2/6/2020 16:00:00,1476.23,748.96,748.96,2/6/2020 16:00:00,1476.23,2/6/2020 16:00:00,748.96,2/6/2020 16:00:00,748.96
2/7/2020 16:00:00,1479.23,748.07,748.07,2/7/2020 16:00:00,1479.23,2/7/2020 16:00:00,748.07,2/7/2020 16:00:00,748.07
2/10/2020 16:00:00,1508.68,771.28,771.28,2/10/2020 16:00:00,1508.68,2/10/2020 16:00:00,771.28,2/10/2020 16:00:00,771.28
2/11/2020 16:00:00,1508.79,774.38,774.38,2/11/2020 16:00:00,1508.79,2/11/2020 16:00:00,774.38,2/11/2020 16:00:00,774.38
2/12/2020 16:00:00,1518.27,767.29,767.29,2/12/2020 16:00:00,1518.27,2/12/2020 16:00:00,767.29,2/12/2020 16:00:00,767.29
2/13/2020 16:00:00,1514.66,804,804,2/13/2020 16:00:00,1514.66,2/13/2020 16:00:00,804,2/13/2020 16:00:00,804
2/14/2020 16:00:00,1520.74,800.03,800.03,2/14/2020 16:00:00,1520.74,2/14/2020 16:00:00,800.03,2/14/2020 16:00:00,800.03
2/18/2020 16:00:00,1519.67,858.4,858.4,2/18/2020 16:00:00,1519.67,2/18/2020 16:00:00,858.4,2/18/2020 16:00:00,858.4
2/19/2020 16:00:00,1526.69,917.42,917.42,2/19/2020 16:00:00,1526.69,2/19/2020 16:00:00,917.42,2/19/2020 16:00:00,917.42
2/20/2020 16:00:00,1518.15,899.41,899.41,2/20/2020 16:00:00,1518.15,2/20/2020 16:00:00,899.41,2/20/2020 16:00:00,899.41
2/21/2020 16:00:00,1485.11,901,901,2/21/2020 16:00:00,1485.11,2/21/2020 16:00:00,901,2/21/2020 16:00:00,901
2/24/2020 16:00:00,1421.59,833.79,833.79,2/24/2020 16:00:00,1421.59,2/24/2020 16:00:00,833.79,2/24/2020 16:00:00,833.79
2/25/2020 16:00:00,1388.45,799.91,799.91,2/25/2020 16:00:00,1388.45,2/25/2020 16:00:00,799.91,2/25/2020 16:00:00,799.91
2/26/2020 16:00:00,1393.18,778.8,778.8,2/26/2020 16:00:00,1393.18,2/26/2020 16:00:00,778.8,2/26/2020 16:00:00,778.8
2/27/2020 16:00:00,1318.09,679,679,2/27/2020 16:00:00,1318.09,2/27/2020 16:00:00,679,2/27/2020 16:00:00,679
2/28/2020 16:00:00,1339.33,667.99,667.99,2/28/2020 16:00:00,1339.33,2/28/2020 16:00:00,667.99,2/28/2020 16:00:00,667.99
3/2/2020 16:00:00,1389.11,743.62,743.62,3/2/2020 16:00:00,1389.11,3/2/2020 16:00:00,743.62,3/2/2020 16:00:00,743.62
3/3/2020 16:00:00,1341.39,745.51,745.51,3/3/2020 16:00:00,1341.39,3/3/2020 16:00:00,745.51,3/3/2020 16:00:00,745.51
3/4/2020 16:00:00,1386.52,749.5,749.5,3/4/2020 16:00:00,1386.52,3/4/2020 16:00:00,749.5,3/4/2020 16:00:00,749.5
3/5/2020 16:00:00,1319.04,724.54,724.54,3/5/2020 16:00:00,1319.04,3/5/2020 16:00:00,724.54,3/5/2020 16:00:00,724.54
3/6/2020 16:00:00,1298.41,703.48,703.48,3/6/2020 16:00:00,1298.41,3/6/2020 16:00:00,703.48,3/6/2020 16:00:00,703.48
3/9/2020 16:00:00,1215.56,608,608,3/9/2020 16:00:00,1215.56,3/9/2020 16:00:00,608,3/9/2020 16:00:00,608
3/10/2020 16:00:00,1280.39,645.33,645.33,3/10/2020 16:00:00,1280.39,3/10/2020 16:00:00,645.33,3/10/2020 16:00:00,645.33
3/11/2020 16:00:00,1215.41,634.23,634.23,3/11/2020 16:00:00,1215.41,3/11/2020 16:00:00,634.23,3/11/2020 16:00:00,634.23
3/12/2020 16:00:00,1114.91,560.55,560.55,3/12/2020 16:00:00,1114.91,3/12/2020 16:00:00,560.55,3/12/2020 16:00:00,560.55
3/13/2020 16:00:00,1219.73,546.62,546.62,3/13/2020 16:00:00,1219.73,3/13/2020 16:00:00,546.62,3/13/2020 16:00:00,546.62
3/16/2020 16:00:00,1084.33,445.07,445.07,3/16/2020 16:00:00,1084.33,3/16/2020 16:00:00,445.07,3/16/2020 16:00:00,445.07
3/17/2020 16:00:00,1119.8,430.2,430.2,3/17/2020 16:00:00,1119.8,3/17/2020 16:00:00,430.2,3/17/2020 16:00:00,430.2
3/18/2020 16:00:00,1096.8,361.22,361.22,3/18/2020 16:00:00,1096.8,3/18/2020 16:00:00,361.22,3/18/2020 16:00:00,361.22
3/19/2020 16:00:00,1115.29,427.64,427.64,3/19/2020 16:00:00,1115.29,3/19/2020 16:00:00,427.64,3/19/2020 16:00:00,427.64
3/20/2020 16:00:00,1072.32,427.53,427.53,3/20/2020 16:00:00,1072.32,3/20/2020 16:00:00,427.53,3/20/2020 16:00:00,427.53
3/23/2020 16:00:00,1056.62,434.29,434.29,3/23/2020 16:00:00,1056.62,3/23/2020 16:00:00,434.29,3/23/2020 16:00:00,434.29
3/24/2020 16:00:00,1134.46,505,505,3/24/2020 16:00:00,1134.46,3/24/2020 16:00:00,505,3/24/2020 16:00:00,505
3/25/2020 16:00:00,1102.49,539.25,539.25,3/25/2020 16:00:00,1102.49,3/25/2020 16:00:00,539.25,3/25/2020 16:00:00,539.25
3/26/2020 16:00:00,1161.75,528.16,528.16,3/26/2020 16:00:00,1161.75,3/26/2020 16:00:00,528.16,3/26/2020 16:00:00,528.16
3/27/2020 16:00:00,1110.71,514.36,514.36,3/27/2020 16:00:00,1110.71,3/27/2020 16:00:00,514.36,3/27/2020 16:00:00,514.36
3/30/2020 16:00:00,1146.82,502.13,502.13,3/30/2020 16:00:00,1146.82,3/30/2020 16:00:00,502.13,3/30/2020 16:00:00,502.13
3/31/2020 16:00:00,1162.81,524,524,3/31/2020 16:00:00,1162.81,3/31/2020 16:00:00,524,3/31/2020 16:00:00,524
4/1/2020 16:00:00,1105.62,481.56,481.56,4/1/2020 16:00:00,1105.62,4/1/2020 16:00:00,481.56,4/1/2020 16:00:00,481.56
4/2/2020 16:00:00,1120.84,454.47,454.47,4/2/2020 16:00:00,1120.84,4/2/2020 16:00:00,454.47,4/2/2020 16:00:00,454.47
4/3/2020 16:00:00,1097.88,480.01,480.01,4/3/2020 16:00:00,1097.88,4/3/2020 16:00:00,480.01,4/3/2020 16:00:00,480.01
4/6/2020 16:00:00,1186.92,516.24,516.24,4/6/2020 16:00:00,1186.92,4/6/2020 16:00:00,516.24,4/6/2020 16:00:00,516.24
4/7/2020 16:00:00,1186.51,545.45,545.45,4/7/2020 16:00:00,1186.51,4/7/2020 16:00:00,545.45,4/7/2020 16:00:00,545.45
4/8/2020 16:00:00,1210.28,548.84,548.84,4/8/2020 16:00:00,1210.28,4/8/2020 16:00:00,548.84,4/8/2020 16:00:00,548.84
4/9/2020 16:00:00,1211.45,573,573,4/9/2020 16:00:00,1211.45,4/9/2020 16:00:00,573,4/9/2020 16:00:00,573
4/13/2020 16:00:00,1217.56,650.95,650.95,4/13/2020 16:00:00,1217.56,4/13/2020 16:00:00,650.95,4/13/2020 16:00:00,650.95
4/14/2020 16:00:00,1269.23,709.89,709.89,4/14/2020 16:00:00,1269.23,4/14/2020 16:00:00,709.89,4/14/2020 16:00:00,709.89
4/15/2020 16:00:00,1262.47,729.83,729.83,4/15/2020 16:00:00,1262.47,4/15/2020 16:00:00,729.83,4/15/2020 16:00:00,729.83
4/16/2020 16:00:00,1263.47,745.21,745.21,4/16/2020 16:00:00,1263.47,4/16/2020 16:00:00,745.21,4/16/2020 16:00:00,745.21
4/17/2020 16:00:00,1283.25,753.89,753.89,4/17/2020 16:00:00,1283.25,4/17/2020 16:00:00,753.89,4/17/2020 16:00:00,753.89
4/20/2020 16:00:00,1266.61,746.36,746.36,4/20/2020 16:00:00,1266.61,4/20/2020 16:00:00,746.36,4/20/2020 16:00:00,746.36
4/21/2020 16:00:00,1216.34,686.72,686.72,4/21/2020 16:00:00,1216.34,4/21/2020 16:00:00,686.72,4/21/2020 16:00:00,686.72
4/22/2020 16:00:00,1263.21,732.11,732.11,4/22/2020 16:00:00,1263.21,4/22/2020 16:00:00,732.11,4/22/2020 16:00:00,732.11
4/23/2020 16:00:00,1276.31,705.63,705.63,4/23/2020 16:00:00,1276.31,4/23/2020 16:00:00,705.63,4/23/2020 16:00:00,705.63
4/24/2020 16:00:00,1279.31,725.15,725.15,4/24/2020 16:00:00,1279.31,4/24/2020 16:00:00,725.15,4/24/2020 16:00:00,725.15
4/27/2020 16:00:00,1275.88,798.75,798.75,4/27/2020 16:00:00,1275.88,4/27/2020 16:00:00,798.75,4/27/2020 16:00:00,798.75
4/28/2020 16:00:00,1233.67,769.12,769.12,4/28/2020 16:00:00,1233.67,4/28/2020 16:00:00,769.12,4/28/2020 16:00:00,769.12
4/29/2020 16:00:00,1341.48,800.51,800.51,4/29/2020 16:00:00,1341.48,4/29/2020 16:00:00,800.51,4/29/2020 16:00:00,800.51
4/30/2020 16:00:00,1348.66,781.88,781.88,4/30/2020 16:00:00,1348.66,4/30/2020 16:00:00,781.88,4/30/2020 16:00:00,781.88
5/1/2020 16:00:00,1320.61,701.32,701.32,5/1/2020 16:00:00,1320.61,5/1/2020 16:00:00,701.32,5/1/2020 16:00:00,701.32
5/4/2020 16:00:00,1326.8,761.19,761.19,5/4/2020 16:00:00,1326.8,5/4/2020 16:00:00,761.19,5/4/2020 16:00:00,761.19
5/5/2020 16:00:00,1351.11,768.21,768.21,5/5/2020 16:00:00,1351.11,5/5/2020 16:00:00,768.21,5/5/2020 16:00:00,768.21
5/6/2020 16:00:00,1347.3,782.58,782.58,5/6/2020 16:00:00,1347.3,5/6/2020 16:00:00,782.58,5/6/2020 16:00:00,782.58
5/7/2020 16:00:00,1372.56,780.04,780.04,5/7/2020 16:00:00,1372.56,5/7/2020 16:00:00,780.04,5/7/2020 16:00:00,780.04
5/8/2020 16:00:00,1388.37,819.42,819.42,5/8/2020 16:00:00,1388.37,5/8/2020 16:00:00,819.42,5/8/2020 16:00:00,819.42
5/11/2020 16:00:00,1403.26,811.29,811.29,5/11/2020 16:00:00,1403.26,5/11/2020 16:00:00,811.29,5/11/2020 16:00:00,811.29
5/12/2020 16:00:00,1375.74,809.41,809.41,5/12/2020 16:00:00,1375.74,5/12/2020 16:00:00,809.41,5/12/2020 16:00:00,809.41
5/13/2020 16:00:00,1349.33,790.96,790.96,5/13/2020 16:00:00,1349.33,5/13/2020 16:00:00,790.96,5/13/2020 16:00:00,790.96
5/14/2020 16:00:00,1356.13,803.33,803.33,5/14/2020 16:00:00,1356.13,5/14/2020 16:00:00,803.33,5/14/2020 16:00:00,803.33
5/15/2020 16:00:00,1373.19,799.17,799.17,5/15/2020 16:00:00,1373.19,5/15/2020 16:00:00,799.17,5/15/2020 16:00:00,799.17
5/18/2020 16:00:00,1383.94,813.63,813.63,5/18/2020 16:00:00,1383.94,5/18/2020 16:00:00,813.63,5/18/2020 16:00:00,813.63
5/19/2020 16:00:00,1373.49,808.01,808.01,5/19/2020 16:00:00,1373.49,5/19/2020 16:00:00,808.01,5/19/2020 16:00:00,808.01
5/20/2020 16:00:00,1406.72,815.56,815.56,5/20/2020 16:00:00,1406.72,5/20/2020 16:00:00,815.56,5/20/2020 16:00:00,815.56
5/21/2020 16:00:00,1402.8,827.6,827.6,5/21/2020 16:00:00,1402.8,5/21/2020 16:00:00,827.6,5/21/2020 16:00:00,827.6
5/22/2020 16:00:00,1410.42,816.88,816.88,5/22/2020 16:00:00,1410.42,5/22/2020 16:00:00,816.88,5/22/2020 16:00:00,816.88
5/26/2020 16:00:00,1417.02,818.87,818.87,5/26/2020 16:00:00,1417.02,5/26/2020 16:00:00,818.87,5/26/2020 16:00:00,818.87
5/27/2020 16:00:00,1417.84,820.23,820.23,5/27/2020 16:00:00,1417.84,5/27/2020 16:00:00,820.23,5/27/2020 16:00:00,820.23
5/28/2020 16:00:00,1416.73,805.81,805.81,5/28/2020 16:00:00,1416.73,5/28/2020 16:00:00,805.81,5/28/2020 16:00:00,805.81
5/29/2020 16:00:00,1428.92,835,835,5/29/2020 16:00:00,1428.92,5/29/2020 16:00:00,835,5/29/2020 16:00:00,835
6/1/2020 16:00:00,1431.82,898.1,898.1,6/1/2020 16:00:00,1431.82,6/1/2020 16:00:00,898.1,6/1/2020 16:00:00,898.1
6/2/2020 16:00:00,1439.22,881.56,881.56,6/2/2020 16:00:00,1439.22,6/2/2020 16:00:00,881.56,6/2/2020 16:00:00,881.56
6/3/2020 16:00:00,1436.38,882.96,882.96,6/3/2020 16:00:00,1436.38,6/3/2020 16:00:00,882.96,6/3/2020 16:00:00,882.96
6/4/2020 16:00:00,1412.18,864.38,864.38,6/4/2020 16:00:00,1412.18,6/4/2020 16:00:00,864.38,6/4/2020 16:00:00,864.38
6/5/2020 16:00:00,1438.39,885.66,885.66,6/5/2020 16:00:00,1438.39,6/5/2020 16:00:00,885.66,6/5/2020 16:00:00,885.66
6/8/2020 16:00:00,1446.61,949.92,949.92,6/8/2020 16:00:00,1446.61,6/8/2020 16:00:00,949.92,6/8/2020 16:00:00,949.92
6/9/2020 16:00:00,1456.16,940.67,940.67,6/9/2020 16:00:00,1456.16,6/9/2020 16:00:00,940.67,6/9/2020 16:00:00,940.67
6/10/2020 16:00:00,1465.85,1025.05,1025.05,6/10/2020 16:00:00,1465.85,6/10/2020 16:00:00,1025.05,6/10/2020 16:00:00,1025.05
6/11/2020 16:00:00,1403.84,972.84,972.84,6/11/2020 16:00:00,1403.84,6/11/2020 16:00:00,972.84,6/11/2020 16:00:00,972.84
6/12/2020 16:00:00,1413.18,935.28,935.28,6/12/2020 16:00:00,1413.18,6/12/2020 16:00:00,935.28,6/12/2020 16:00:00,935.28
6/15/2020 16:00:00,1419.85,990.9,990.9,6/15/2020 16:00:00,1419.85,6/15/2020 16:00:00,990.9,6/15/2020 16:00:00,990.9
6/16/2020 16:00:00,1442.72,982.13,982.13,6/16/2020 16:00:00,1442.72,6/16/2020 16:00:00,982.13,6/16/2020 16:00:00,982.13
6/17/2020 16:00:00,1451.12,991.79,991.79,6/17/2020 16:00:00,1451.12,6/17/2020 16:00:00,991.79,6/17/2020 16:00:00,991.79
6/18/2020 16:00:00,1435.96,1003.96,1003.96,6/18/2020 16:00:00,1435.96,6/18/2020 16:00:00,1003.96,6/18/2020 16:00:00,1003.96
6/19/2020 16:00:00,1431.72,1000.9,1000.9,6/19/2020 16:00:00,1431.72,6/19/2020 16:00:00,1000.9,6/19/2020 16:00:00,1000.9
6/22/2020 16:00:00,1451.86,994.32,994.32,6/22/2020 16:00:00,1451.86,6/22/2020 16:00:00,994.32,6/22/2020 16:00:00,994.32
6/23/2020 16:00:00,1464.41,1001.78,1001.78,6/23/2020 16:00:00,1464.41,6/23/2020 16:00:00,1001.78,6/23/2020 16:00:00,1001.78
6/24/2020 16:00:00,1431.97,960.85,960.85,6/24/2020 16:00:00,1431.97,6/24/2020 16:00:00,960.85,6/24/2020 16:00:00,960.85
6/25/2020 16:00:00,1441.33,985.98,985.98,6/25/2020 16:00:00,1441.33,6/25/2020 16:00:00,985.98,6/25/2020 16:00:00,985.98
6/26/2020 16:00:00,1359.9,959.74,959.74,6/26/2020 16:00:00,1359.9,6/26/2020 16:00:00,959.74,6/26/2020 16:00:00,959.74
6/29/2020 16:00:00,1394.97,1009.35,1009.35,6/29/2020 16:00:00,1394.97,6/29/2020 16:00:00,1009.35,6/29/2020 16:00:00,1009.35
6/30/2020 16:00:00,1413.61,1079.81,1079.81,6/30/2020 16:00:00,1413.61,6/30/2020 16:00:00,1079.81,6/30/2020 16:00:00,1079.81
7/1/2020 16:00:00,1438.04,1119.63,1119.63,7/1/2020 16:00:00,1438.04,7/1/2020 16:00:00,1119.63,7/1/2020 16:00:00,1119.63
7/2/2020 16:00:00,1464.7,1208.66,1208.66,7/2/2020 16:00:00,1464.7,7/2/2020 16:00:00,1208.66,7/2/2020 16:00:00,1208.66
7/6/2020 16:00:00,1495.7,1371.58,1371.58,7/6/2020 16:00:00,1495.7,7/6/2020 16:00:00,1371.58,7/6/2020 16:00:00,1371.58
7/7/2020 16:00:00,1485.18,1389.86,1389.86,7/7/2020 16:00:00,1485.18,7/7/2020 16:00:00,1389.86,7/7/2020 16:00:00,1389.86
7/8/2020 16:00:00,1496,1365.88,1365.88,7/8/2020 16:00:00,1496,7/8/2020 16:00:00,1365.88,7/8/2020 16:00:00,1365.88
7/9/2020 16:00:00,1510.99,1394.28,1394.28,7/9/2020 16:00:00,1510.99,7/9/2020 16:00:00,1394.28,7/9/2020 16:00:00,1394.28
7/10/2020 16:00:00,1541.74,1544.65,1544.65,7/10/2020 16:00:00,1541.74,7/10/2020 16:00:00,1544.65,7/10/2020 16:00:00,1544.65
7/13/2020 16:00:00,1511.34,1497.06,1497.06,7/13/2020 16:00:00,1511.34,7/13/2020 16:00:00,1497.06,7/13/2020 16:00:00,1497.06
7/14/2020 16:00:00,1520.58,1516.8,1516.8,7/14/2020 16:00:00,1520.58,7/14/2020 16:00:00,1516.8,7/14/2020 16:00:00,1516.8
7/15/2020 16:00:00,1513.64,1546.01,1546.01,7/15/2020 16:00:00,1513.64,7/15/2020 16:00:00,1546.01,7/15/2020 16:00:00,1546.01
7/16/2020 16:00:00,1518,1500.64,1500.64,7/16/2020 16:00:00,1518,7/16/2020 16:00:00,1500.64,7/16/2020 16:00:00,1500.64
7/17/2020 16:00:00,1515.55,1500.84,1500.84,7/17/2020 16:00:00,1515.55,7/17/2020 16:00:00,1500.84,7/17/2020 16:00:00,1500.84